package,path,bytes,sha256,source,group,transform
code,code/original_sources/script/train_cn0_trend_residual_tuned_no_leakage.py,2868,46a7483441964ad35022bc273c23722883ea992f02bd09e4667e9ee7a2e8a86f,script/train_cn0_trend_residual_tuned_no_leakage.py,core_training_code,byte-identical copy
code,code/original_sources/script/tune_cn0_trend_residual_no_leakage.py,9652,3c47be3517691b7d37beb1150dc8df8ab14946c390bfc0b0ccbc3e6480ff4396,script/tune_cn0_trend_residual_no_leakage.py,core_training_code,byte-identical copy
code,code/original_sources/script/train_cn0_single_global_residual_1min_op74_holdout.py,45617,7e26fc311081666b2921870bd8ca6095e259c169e14eb7e3cc0b19d2027359dc,script/train_cn0_single_global_residual_1min_op74_holdout.py,core_training_code,byte-identical copy
code,code/original_sources/script/train_cn0_single_global_residual_1min_stratified.py,19086,a508eed68616d4b3b025ceee792f0147f627642a27d509190fc70962bf12321d,script/train_cn0_single_global_residual_1min_stratified.py,core_training_code,byte-identical copy
code,code/original_sources/script/train_cn0_constellation_residual_models.py,25432,d3438bc3267b59dd9d0f865ac07b394a2f287ba1ebcab3fbd89cbf18ffc4ba70,script/train_cn0_constellation_residual_models.py,core_training_code,byte-identical copy
code,code/original_sources/script/run_cn0_leave_one_operation_out.py,30771,446051f7c99c40d94b8aba6a258dbce86e67af990873ecce275dcd0df3363833,script/run_cn0_leave_one_operation_out.py,lopo_code,byte-identical copy
code,code/original_sources/analysis/phase_residual_analysis_v1/prepare_physical_alignment.py,14438,17f63eda26e908185b08a7eb7001645f927207f2b076b4742e9733f8c90e3a59,analysis/phase_residual_analysis_v1/prepare_physical_alignment.py,analysis_code,byte-identical copy
code,code/original_sources/analysis/distance_mechanism_v2/table_build_all_operations.py,22227,a0dc88842960615b72461433cff2b7dfecc5ccc7545378c156351c6d33032994,analysis/distance_mechanism_v2/table_build_all_operations.py,analysis_code,byte-identical copy
code,code/original_sources/analysis/phase_compensation_attribution_v4/attrib_group_shap.py,27423,355be76f0ea6a74e5e92a0597dc46406bf36df8e44bb58acb40aa0bfc1a1126b,analysis/phase_compensation_attribution_v4/attrib_group_shap.py,analysis_code,byte-identical copy
code,code/original_sources/analysis/phase_compensation_attribution_v4/attrib_phase_interpretation.py,6624,832a8a85c4110b7892130fa9694106b40c94b475c036f1a7a525f984c9dbe88a,analysis/phase_compensation_attribution_v4/attrib_phase_interpretation.py,analysis_code,byte-identical copy
code,code/original_sources/analysis/results_signal_table_20260929/aggregate_table.py,5207,126fe3531671de51e9389a50fea492abfcb3df32f60d9568edbd0838aab35810,analysis/results_signal_table_20260929/aggregate_table.py,analysis_code,byte-identical copy
code,code/original_sources/analysis/physical_mechanism_v3/common_band_noise_analysis.py,11167,4e54ace6372f45366762b0341934ca0f8df4341ce6a6e20e6380e4648a4f82f5,analysis/physical_mechanism_v3/common_band_noise_analysis.py,analysis_code,byte-identical copy
code,code/original_sources/analysis/persistent_offset_comparison_v7/sameband_analyze.py,23552,6bb01dac9dbb1d9bbf562a53d3e7be2afc778fa27123e6d48a61f71230037d2e,analysis/persistent_offset_comparison_v7/sameband_analyze.py,analysis_code,byte-identical copy
code,code/original_sources/analysis/persistent_offset_comparison_v7/fourway_analysis.py,7470,ef1b98e3f6f5808891ab2f3fdb158318ead491691a2c390234a21a053a71926d,analysis/persistent_offset_comparison_v7/fourway_analysis.py,analysis_code,byte-identical copy
code,code/original_sources/analysis/antenna_refit_v11/refit_antenna_references.py,16102,8ba5b422447ef98e23c14c7a1d8a207d0d67c6e8816a79c7a9b32138c2172346,analysis/antenna_refit_v11/refit_antenna_references.py,analysis_code,byte-identical copy
code,code/original_sources/analysis/antenna_refit_v11/summarize_results.py,2760,af2803b3b49088b8125781ba6cc2bb4f46e4f5d3d24356fd75426fd9c79e74d1,analysis/antenna_refit_v11/summarize_results.py,analysis_code,byte-identical copy
code,code/original_sources/analysis/phase_mechanisms_v12/response_design/build_local_reference_responses.py,16714,f82cc8e31b91694b2584deaf19a27607dd45ee2e163bc07a8f28e3ba408a5b30,analysis/phase_mechanisms_v12/response_design/build_local_reference_responses.py,analysis_code,byte-identical copy
code,code/original_sources/analysis/phase_mechanisms_v12/directional_candidates/fit_candidates.py,13862,71af17d352bba46d4539fdeaa4a6bfa7cf81fefba6ce5a77376fad0ea242d708,analysis/phase_mechanisms_v12/directional_candidates/fit_candidates.py,analysis_code,byte-identical copy
code,code/original_sources/analysis/phase_mechanisms_v12/matched_geometry/analyze_matched_geometry.py,14666,97594084c680a1e32b274a4c47cdc918993ce6b14dcc58abf7c9c1462220ec42,analysis/phase_mechanisms_v12/matched_geometry/analyze_matched_geometry.py,analysis_code,byte-identical copy
code,code/original_sources/analysis/thermal_sensitivity_v8/alex_temperature_inputs/extract_fig11_temperature.py,10353,b9d6f08698b59fac2560a6e7c4aef12ee856a613465cf3266f65dafc345d45e6,analysis/thermal_sensitivity_v8/alex_temperature_inputs/extract_fig11_temperature.py,analysis_code,Algorithm unchanged; reviewer-only prose cleaned in release copy
code,code/original_sources/analysis/thermal_sensitivity_v8/alex_temperature_inputs/extract_fig12_surface.py,6748,d180f10e5e87a86b9987fd087523fbc257d175345da633bf4f4789034d85515a,analysis/thermal_sensitivity_v8/alex_temperature_inputs/extract_fig12_surface.py,analysis_code,byte-identical copy
code,code/original_sources/analysis/thermal_sensitivity_v8/compare_temperature_effects.py,17933,79520147790f00f697ce0470b510a4e0ab241f6c6f3fc5aa5aad342332c415d3,analysis/thermal_sensitivity_v8/compare_temperature_effects.py,analysis_code,Algorithm unchanged; reviewer-only prose cleaned in release copy
code,code/original_sources/analysis/thermal_refit_v9/refit_temperature_models.py,14283,8323ac3c2b87ecb3b901c3088477086b66c96cd03d199e29cdddd51e376e4ec0,analysis/thermal_refit_v9/refit_temperature_models.py,analysis_code,byte-identical copy
code,code/original_sources/analysis/thermal_timeseries_v15/build_diagnostics.py,16811,d6f44b2c275676af6870826441aff1015ec495e41b8b909c6ea0eb6fda7ee09a,analysis/thermal_timeseries_v15/build_diagnostics.py,analysis_code,byte-identical copy
code,code/original_sources/analysis/chronological_prediction_v13/run_chronological.py,13771,8e62e05e6ca6be8d1a40b05c57bbf01b7677c887a4172b7b5d2bd3242a751ce6,analysis/chronological_prediction_v13/run_chronological.py,analysis_code,byte-identical copy
code,code/original_sources/analysis/chronological_input_check_v14/check_inputs.py,15755,26894e07f92726cfde84460e47448945c7317c09a886b9a517c34cdba45c197e,analysis/chronological_input_check_v14/check_inputs.py,analysis_code,byte-identical copy
code,code/original_sources/script/build_cn0_attitude_2d_gain.py,30672,41e5c4d8e6fd6bf3f736f47f9c00f7a7840404a9ca6ae1ce97e5e1c3fecd0ed9,script/build_cn0_attitude_2d_gain.py,supporting_source_closure,byte-identical copy
code,code/original_sources/script/orbex_attitude.py,7349,5834cf7d1c98e4eaa07bcf428555b3016167210b4f6739adc4c0272a5a91dcf7,script/orbex_attitude.py,supporting_source_closure,byte-identical copy
code,code/original_sources/script/gps_iif_antenna_patterns.py,12538,6c88bd983658303d33cb3c04b7959a73ad8561145e87dc8e7125d2256e9b89f0,script/gps_iif_antenna_patterns.py,supporting_source_closure,byte-identical copy
code,code/original_sources/script/build_cn0_constellation_physics_baseline.py,29184,7795101b07b5d5e58e9e37865f08454562386f0bd4c4d7b8a972f961716e7d03,script/build_cn0_constellation_physics_baseline.py,supporting_source_closure,byte-identical copy
code,code/original_sources/script/plot_full_mission_four_band_ai_cn0_sidelobe_1min_one_sat_24h.py,817,aa7b31f2c5e02725bab479943e96ca0a1ec1647bba136d28e5d25c4372da9a81,script/plot_full_mission_four_band_ai_cn0_sidelobe_1min_one_sat_24h.py,supporting_source_closure,byte-identical copy
code,code/original_sources/script/build_dynamic_multiband_one_common_1min.py,5084,73a549ef39cbbb1b6ce77fff30da5850bf3240db8b14f35badd65ae4b81ffee6,script/build_dynamic_multiband_one_common_1min.py,supporting_source_closure,byte-identical copy
code,code/original_sources/script/build_lugre_dynamic_receiver_trajectory_1min.py,22058,c76104e218205e6d664f57e16e90098f58379e2579b035cce4c5fa13b9c44ec1,script/build_lugre_dynamic_receiver_trajectory_1min.py,supporting_source_closure,byte-identical copy
code,code/original_sources/script/build_plot_wgc_multiband_cn0.py,31475,d287820ab1c6aeb130b6b4dc8319dcc50642660ab3f94e6cc8124fa18865bc19,script/build_plot_wgc_multiband_cn0.py,supporting_source_closure,byte-identical copy
code,code/original_sources/script/train_cn0_general_residual_models.py,18216,420d283129d4a7895b21e31c9d9b206a90f51f5799bec3482d21bdb755f6b942,script/train_cn0_general_residual_models.py,supporting_source_closure,byte-identical copy
code,code/original_sources/script/simulate_continuous_cn0_reference.py,10172,aaf73ba7cdc29f85e51b3dbbd9a99e38741c619c21dc7d16f72491cabb084abb,script/simulate_continuous_cn0_reference.py,supporting_source_closure,byte-identical copy
code,code/original_sources/script/plot_wgc_reference_time_cn0_best_model.py,24928,3b1c70e8b6790e80b738632d00bda412ac5424e0db6f74925afb4cdf063d0a59,script/plot_wgc_reference_time_cn0_best_model.py,supporting_source_closure,byte-identical copy
code,code/original_sources/script/plot_full_mission_four_band_ai_cn0_sidelobe_1min_three_sat_24h.py,68196,03d8be423892059e74ff1ba2caee6b0dd3dc2ef8840b69a5dda67a8943690b93,script/plot_full_mission_four_band_ai_cn0_sidelobe_1min_three_sat_24h.py,supporting_source_closure,byte-identical copy
code,code/original_sources/script/build_wgc_multiband_common_three.py,2132,2affa008fb9300ade6bc42c25b47d2f1f4867d37d458b7beb52e91ec00fa7d2a,script/build_wgc_multiband_common_three.py,supporting_source_closure,byte-identical copy
code,code/original_sources/script/plot_full_mission_four_band_ai_cn0_sidelobe.py,24108,78590aec20189f827aae303e0c30991464d0814e25e07aaa831b551c0650ed38,script/plot_full_mission_four_band_ai_cn0_sidelobe.py,supporting_source_closure,byte-identical copy
code,code/original_sources/script/run_figure5_reselected_24h_chain.py,7245,ad2a8c8c0fd0244b3b61ed49849e2b5e7b19002a4d74f9990e70cc2d575ebe3a,script/run_figure5_reselected_24h_chain.py,supporting_source_closure,byte-identical copy
code,code/original_sources/script/plot_full_mission_four_band_ai_cn0_1min_one_sat_24h_interleaved_details_wide_compact_left_top_trimmed_all_sides_trimmed.py,21034,21bda09a7220c6223da1631a6a11c91d2f8360fc32a79927bbd61fd5aee583f1,script/plot_full_mission_four_band_ai_cn0_1min_one_sat_24h_interleaved_details_wide_compact_left_top_trimmed_all_sides_trimmed.py,supporting_source_closure,byte-identical copy
code,code/original_sources/script/plot_full_mission_four_band_ai_cn0_1min_one_sat_24h_interleaved_details_wide_compact_left_top_trimmed.py,66148,14bea6e64b7c82dd055c490af0fe30555f0f85af53a2aece3f2ae3da85e66696,script/plot_full_mission_four_band_ai_cn0_1min_one_sat_24h_interleaved_details_wide_compact_left_top_trimmed.py,supporting_source_closure,byte-identical copy
code,code/original_sources/script/plot_full_mission_four_band_ai_cn0_1min_one_sat_24h_interleaved_details_readable_timeline_legend_up_large_detail_numbers_wide_compact_left_trimmed.py,55831,0550103e42c724f64d26751dd1d22094fe9b26166f3a815112af7314e60b5570,script/plot_full_mission_four_band_ai_cn0_1min_one_sat_24h_interleaved_details_readable_timeline_legend_up_large_detail_numbers_wide_compact_left_trimmed.py,supporting_source_closure,byte-identical copy
code,code/original_sources/script/plot_full_mission_four_band_ai_cn0_1min_one_sat_24h_interleaved_details_readable_timeline_legend_up_large_detail_numbers_wide_compact.py,43121,832a5f9c37e0b6eb090c856f3ac002859ad1a4f67663233aa9377496d826a669,script/plot_full_mission_four_band_ai_cn0_1min_one_sat_24h_interleaved_details_readable_timeline_legend_up_large_detail_numbers_wide_compact.py,supporting_source_closure,byte-identical copy
code,code/original_sources/script/plot_full_mission_four_band_ai_cn0_1min_one_sat_24h_interleaved_details_readable_timeline_legend_up_large_detail_numbers.py,38674,6cd71b27aaa5936332e6f4b6e7d09f298c418866fc2829ab64df20245460309f,script/plot_full_mission_four_band_ai_cn0_1min_one_sat_24h_interleaved_details_readable_timeline_legend_up_large_detail_numbers.py,supporting_source_closure,byte-identical copy
code,code/original_sources/script/plot_full_mission_four_band_ai_cn0_1min_one_sat_24h_interleaved_details_readable_timeline.py,34722,4a68daf22ed88784b0e528ac4f08d5600cad5a9e23b6970b1dd46e1d0215f79a,script/plot_full_mission_four_band_ai_cn0_1min_one_sat_24h_interleaved_details_readable_timeline.py,supporting_source_closure,byte-identical copy
code,code/original_sources/script/plot_full_mission_four_band_ai_cn0_1min_one_sat_24h_interleaved_details.py,24791,83101cf0ebd71ad475eb952e643af747ebdd97003813d1138c5dba8d8101e039,script/plot_full_mission_four_band_ai_cn0_1min_one_sat_24h_interleaved_details.py,supporting_source_closure,byte-identical copy
code,code/original_sources/script/download_wgc_mission_minute_excel.py,9410,cf780b7a60cb31f8370e05f2811bd83e406946386c249a54cb83470ae904fc18,script/download_wgc_mission_minute_excel.py,supporting_source_closure,byte-identical copy
code,code/original_sources/script/download_wgc_state_vectors.py,18906,ce3a7a29156dc945090a1b97dcb107d0176f4602839348483525e46d0769fb03,script/download_wgc_state_vectors.py,supporting_source_closure,byte-identical copy
code,code/original_sources/script/build_wgc_multiband_one_common_1min.py,2283,7b527747bed0f0918e855eb13c88ba4ee97892cffc786ef284ca1e3fbb9663d3,script/build_wgc_multiband_one_common_1min.py,supporting_source_closure,byte-identical copy
code,code/original_sources/script/build_dynamic_six_ops_predictions.py,9699,a36e8d9cf2b05fc7de4d8b1aa3b85943146928db8631af7fc2a20aea311785ed,script/build_dynamic_six_ops_predictions.py,supporting_source_closure,byte-identical copy
code,code/original_sources/script/plot_extended_fixed_model_hgb_on_off_all_20op_slots.py,19832,0249cd1288ae06ec1f1abf891fff01a280bee58e6488d2fbf13a3236ff0c471c,script/plot_extended_fixed_model_hgb_on_off_all_20op_slots.py,supporting_source_closure,byte-identical copy
code,code/original_sources/script/plot_extended_fixed_model_hgb_on_off_all_operations.py,30126,2d3ea1cbb137b0c9a26eab9d3e1d651885078d027142d79116deb71017a315b4,script/plot_extended_fixed_model_hgb_on_off_all_operations.py,supporting_source_closure,byte-identical copy
code,code/original_sources/script/plot_extended_lugre_published_vs_ai_cn0_discrepancy_full_boxplot_aligned.py,19456,b4becc9a9120102bfc45fcf6fe4b8339ccfcb895a7dbfe3b8a9ecd2a48dd6438,script/plot_extended_lugre_published_vs_ai_cn0_discrepancy_full_boxplot_aligned.py,supporting_source_closure,byte-identical copy
code,code/original_sources/script/plot_extended_lugre_published_vs_ai_cn0_discrepancy_full_boxplot.py,27117,b26c31426aee32b862b8b855a9218ef990a0e7c1443b37cfa9ab2f29bf3c62ef,script/plot_extended_lugre_published_vs_ai_cn0_discrepancy_full_boxplot.py,supporting_source_closure,byte-identical copy
code,code/original_sources/script/plot_six_ops_ai_observation_residuals.py,18007,08466f23a0eafaa738619bab4b940b4504ad6c197b79f2256403c731e6ce2b49,script/plot_six_ops_ai_observation_residuals.py,supporting_source_closure,byte-identical copy
code,code/original_sources/script/plot_four_phase_holdout_six_ops_1s_reference.py,22887,f9c6aea82b9d233b41d7af5cb207a85898f16b080bab1bdbee0b55673ddb7f49,script/plot_four_phase_holdout_six_ops_1s_reference.py,supporting_source_closure,byte-identical copy
code,code/original_sources/script/build_cn0_figure19_segment_residuals.py,21167,305fccb83c55b71d9402488bc1e9fbd003b77780560d96dc84e63f0211b11364,script/build_cn0_figure19_segment_residuals.py,supporting_source_closure,byte-identical copy
code,code/original_sources/script/build_figure3_residual_contributions.py,56338,01a43849ed781096aa78fd3c891cdb5f4ec36e08356be4a77ce48c062cd13a20,script/build_figure3_residual_contributions.py,supporting_source_closure,byte-identical copy
code,code/original_sources/script/build_ai_residual_story_figures.py,101890,7fe66eb46042c4a858f3795295be80cc07f8dfa244dcc17b7f44dff4286ca724,script/build_ai_residual_story_figures.py,supporting_source_closure,byte-identical copy
code,code/original_sources/script/revise_figai3_algorithm_selection_compact_v6.py,61888,724398f41f690f2abb02ec0848c35ee5bcda5c30be7a02ace0a9ae844d9a8521,script/revise_figai3_algorithm_selection_compact_v6.py,supporting_source_closure,byte-identical copy
code,code/original_sources/script/revise_figai3_algorithm_selection_compact_v2.py,33659,3a75004f35b894d999a1a00623ae05e48b7f47462f46d0432597d995134fbd5d,script/revise_figai3_algorithm_selection_compact_v2.py,supporting_source_closure,byte-identical copy
code,code/original_sources/script/build_ai_residual_story_submission_audit_v1.py,14271,f16327147c5efb79b270ef85908027e7e24ebae06e418f5b9aad0f54a2e8cd28,script/build_ai_residual_story_submission_audit_v1.py,supporting_source_closure,byte-identical copy
code,code/original_sources/script/build_link_geometry_features.py,28298,8f1dd35c8be0023337bde0ab29a4d7ca35624ec7fd39d3b8f33cde353f02754e,script/build_link_geometry_features.py,supporting_source_closure,byte-identical copy
code,code/original_sources/script/inspect_statevectors.py,7521,ff454af9fab0277512a18471037763abe68c7bbaf5b7d55be3a7657476fc62cd,script/inspect_statevectors.py,supporting_source_closure,byte-identical copy
code,code/original_sources/script/rebuild_cn0_geometry_sp3_tlm_exact.py,9768,58a47271b3e50542fb7d8af2cc0b1624398991454d3fd7487ff91ef4bf945b2a,script/rebuild_cn0_geometry_sp3_tlm_exact.py,supporting_source_closure,byte-identical copy
code,code/original_sources/script/build_cn0_constellation_physics_baseline_sp3_tlm_exact.py,790,6b68187acb013ba1f8ad11a53ec7ea2e8a6db01580497684b4e5a710bcb96c06,script/build_cn0_constellation_physics_baseline_sp3_tlm_exact.py,supporting_source_closure,byte-identical copy
code,code/original_sources/script/build_cn0_physics_baseline.py,22940,5e010d32ef87d0bbe91a512ca891d9f15f84ef07fc26c62e6f7374e60b702e74,script/build_cn0_physics_baseline.py,physical_budget_source_closure,byte-identical copy
code,code/original_sources/script/prepare_gnss_transmit_physics_inputs.py,13627,1c6085a6a90b109999d699a3db5331ca8018001a76adae3d4c41b5359b125e75,script/prepare_gnss_transmit_physics_inputs.py,physical_budget_source_closure,byte-identical copy
